{"lr": 0.01, "data_time": 0.025420212745666505, "loss": 3.2360965728759767, "time": 0.35592145919799806, "epoch": 1, "memory": 2856, "step": 10}
{"lr": 0.01, "data_time": 0.0011897802352905274, "loss": 2.2724090576171876, "time": 0.08057284355163574, "epoch": 1, "memory": 2856, "step": 20}
{"lr": 0.01, "data_time": 0.001138448715209961, "loss": 1.3045047879219056, "time": 0.07993156909942627, "epoch": 1, "memory": 2856, "step": 30}
{"lr": 0.01, "data_time": 0.001249837875366211, "loss": 1.1192519187927246, "time": 0.0801581859588623, "epoch": 1, "memory": 2856, "step": 40}
{"lr": 0.01, "data_time": 0.0010905027389526366, "loss": 1.0929282486438752, "time": 0.08133862018585206, "epoch": 1, "memory": 2856, "step": 50}
{"lr": 0.01, "data_time": 0.0010925531387329102, "loss": 1.449877631664276, "time": 0.08105459213256835, "epoch": 1, "memory": 2856, "step": 60}
{"lr": 0.01, "data_time": 0.001053595542907715, "loss": 1.415941047668457, "time": 0.08040931224822997, "epoch": 1, "memory": 2856, "step": 70}
{"lr": 0.01, "data_time": 0.001064300537109375, "loss": 1.2531485319137574, "time": 0.07991635799407959, "epoch": 1, "memory": 2856, "step": 80}
{"lr": 0.01, "data_time": 0.0011633872985839845, "loss": 1.2327257513999939, "time": 0.0800025463104248, "epoch": 1, "memory": 2856, "step": 90}
{"lr": 0.01, "data_time": 0.000991988182067871, "loss": 1.3356608152389526, "time": 0.08008034229278564, "epoch": 1, "memory": 2856, "step": 100}
{"accuracy/top1": 53.60360336303711, "accuracy/top5": 84.68468475341797, "data_time": 0.008448243141174316, "time": 0.04396123545510428, "step": 1}
{"lr": 0.01, "data_time": 0.011365413665771484, "loss": 1.2745123744010924, "time": 0.09103865623474121, "epoch": 2, "memory": 2856, "step": 119}
{"lr": 0.01, "data_time": 0.0011258840560913086, "loss": 1.2700101733207703, "time": 0.07984392642974854, "epoch": 2, "memory": 2856, "step": 129}
{"lr": 0.01, "data_time": 0.0011813879013061524, "loss": 1.297887420654297, "time": 0.07936210632324218, "epoch": 2, "memory": 2856, "step": 139}
{"lr": 0.01, "data_time": 0.0012031793594360352, "loss": 1.189613687992096, "time": 0.08014426231384278, "epoch": 2, "memory": 2856, "step": 149}
{"lr": 0.01, "data_time": 0.001303553581237793, "loss": 1.3165905237197877, "time": 0.08035311698913575, "epoch": 2, "memory": 2856, "step": 159}
{"lr": 0.01, "data_time": 0.0011693716049194336, "loss": 1.1177851796150207, "time": 0.0799147605895996, "epoch": 2, "memory": 2856, "step": 169}
{"lr": 0.01, "data_time": 0.0012672901153564452, "loss": 1.189283686876297, "time": 0.08055510520935058, "epoch": 2, "memory": 2856, "step": 179}
{"lr": 0.01, "data_time": 0.0012397289276123047, "loss": 1.012858086824417, "time": 0.08089003562927247, "epoch": 2, "memory": 2856, "step": 189}
{"lr": 0.01, "data_time": 0.0011967658996582032, "loss": 0.8999449431896209, "time": 0.08086237907409669, "epoch": 2, "memory": 2856, "step": 199}
{"lr": 0.01, "data_time": 0.0011080503463745117, "loss": 1.2023960828781128, "time": 0.08084537982940673, "epoch": 2, "memory": 2856, "step": 209}
{"accuracy/top1": 71.28378295898438, "accuracy/top5": 93.5810775756836, "data_time": 0.005116248952931371, "time": 0.03908085823059082, "step": 2}
{"lr": 0.01, "data_time": 0.012576031684875488, "loss": 0.9325476467609406, "time": 0.09155220985412597, "epoch": 3, "memory": 2856, "step": 228}
{"lr": 0.01, "data_time": 0.0012338399887084962, "loss": 0.8551144301891327, "time": 0.0808377742767334, "epoch": 3, "memory": 2856, "step": 238}
{"lr": 0.01, "data_time": 0.0011865854263305663, "loss": 1.0202986687421798, "time": 0.08045070171356201, "epoch": 3, "memory": 2856, "step": 248}
{"lr": 0.01, "data_time": 0.001290440559387207, "loss": 0.7995744496583939, "time": 0.08073184490203858, "epoch": 3, "memory": 2856, "step": 258}
{"lr": 0.01, "data_time": 0.0011588335037231445, "loss": 1.0311978936195374, "time": 0.08026084899902344, "epoch": 3, "memory": 2856, "step": 268}
{"lr": 0.01, "data_time": 0.0012927770614624024, "loss": 0.9753526985645294, "time": 0.08025965690612794, "epoch": 3, "memory": 2856, "step": 278}
{"lr": 0.01, "data_time": 0.0011394500732421875, "loss": 0.9923520445823669, "time": 0.08071351051330566, "epoch": 3, "memory": 2856, "step": 288}
{"lr": 0.01, "data_time": 0.0012494802474975586, "loss": 0.9244919359683991, "time": 0.08073508739471436, "epoch": 3, "memory": 2856, "step": 298}
{"lr": 0.01, "data_time": 0.00113983154296875, "loss": 0.9258954524993896, "time": 0.08067827224731446, "epoch": 3, "memory": 2856, "step": 308}
{"lr": 0.01, "data_time": 0.0011466026306152343, "loss": 0.857866621017456, "time": 0.08076322078704834, "epoch": 3, "memory": 2856, "step": 318}
{"accuracy/top1": 73.64865112304688, "accuracy/top5": 95.0450439453125, "data_time": 0.004773888094671841, "time": 0.03770980341681119, "step": 3}
{"lr": 0.01, "data_time": 0.011668729782104491, "loss": 0.8697490513324737, "time": 0.09120841026306152, "epoch": 4, "memory": 2856, "step": 337}
{"lr": 0.01, "data_time": 0.0012625694274902345, "loss": 0.7740119278430939, "time": 0.08089244365692139, "epoch": 4, "memory": 2856, "step": 347}
{"lr": 0.01, "data_time": 0.0012295246124267578, "loss": 0.8500966787338257, "time": 0.08106184005737305, "epoch": 4, "memory": 2856, "step": 357}
{"lr": 0.01, "data_time": 0.0011716604232788086, "loss": 0.6981943160295486, "time": 0.08050203323364258, "epoch": 4, "memory": 2856, "step": 367}
{"lr": 0.01, "data_time": 0.0013092517852783202, "loss": 0.9233320862054825, "time": 0.08128247261047364, "epoch": 4, "memory": 2856, "step": 377}
{"lr": 0.01, "data_time": 0.0011818885803222656, "loss": 0.76728435754776, "time": 0.08109490871429444, "epoch": 4, "memory": 2856, "step": 387}
{"lr": 0.01, "data_time": 0.0011546850204467774, "loss": 0.7345322012901306, "time": 0.08077318668365478, "epoch": 4, "memory": 2856, "step": 397}
{"lr": 0.01, "data_time": 0.0013680696487426759, "loss": 0.7400755316019059, "time": 0.0801342248916626, "epoch": 4, "memory": 2856, "step": 407}
{"lr": 0.01, "data_time": 0.0012575387954711914, "loss": 0.7252425432205201, "time": 0.08129680156707764, "epoch": 4, "memory": 2856, "step": 417}
{"lr": 0.01, "data_time": 0.0011858463287353516, "loss": 0.7647305309772492, "time": 0.08083443641662598, "epoch": 4, "memory": 2856, "step": 427}
{"accuracy/top1": 74.77477264404297, "accuracy/top5": 95.0450439453125, "data_time": 0.004619442183395912, "time": 0.03768407065292884, "step": 4}
{"lr": 0.01, "data_time": 0.012611961364746094, "loss": 0.797430568933487, "time": 0.09246294498443604, "epoch": 5, "memory": 2856, "step": 446}
{"lr": 0.01, "data_time": 0.0012069940567016602, "loss": 0.8373811781406403, "time": 0.08066334724426269, "epoch": 5, "memory": 2856, "step": 456}
{"lr": 0.01, "data_time": 0.0013364076614379883, "loss": 0.6279230654239655, "time": 0.08188743591308593, "epoch": 5, "memory": 2856, "step": 466}
{"lr": 0.01, "data_time": 0.0012155294418334961, "loss": 0.6063544005155563, "time": 0.08077256679534912, "epoch": 5, "memory": 2856, "step": 476}
{"lr": 0.01, "data_time": 0.001278066635131836, "loss": 0.6135539203882218, "time": 0.0808995246887207, "epoch": 5, "memory": 2856, "step": 486}
{"lr": 0.01, "data_time": 0.0012011289596557616, "loss": 0.570006038248539, "time": 0.0812870740890503, "epoch": 5, "memory": 2856, "step": 496}
{"lr": 0.01, "data_time": 0.001224374771118164, "loss": 0.7269044637680053, "time": 0.08089396953582764, "epoch": 5, "memory": 2856, "step": 506}
{"lr": 0.01, "data_time": 0.001186680793762207, "loss": 0.6832440972328186, "time": 0.08087141513824463, "epoch": 5, "memory": 2856, "step": 516}
{"lr": 0.01, "data_time": 0.0011945486068725586, "loss": 0.6448384940624237, "time": 0.08109104633331299, "epoch": 5, "memory": 2856, "step": 526}
{"lr": 0.01, "data_time": 0.0012489795684814454, "loss": 0.6728101551532746, "time": 0.08075497150421143, "epoch": 5, "memory": 2856, "step": 536}
{"accuracy/top1": 78.94144439697266, "accuracy/top5": 95.9459457397461,