{"lr": 2.5863685344827587e-05, "data_time": 0.28692994117736814, "loss": 2.72190260887146, "loss_cls": 2.0197704076766967, "loss_bbox": 0.7021321654319763, "time": 3.7060969352722166, "epoch": 1, "memory": 1620, "step": 5}
{"lr": 6.465640086206897e-05, "data_time": 0.2123087536204945, "loss": 2.7393685687672007, "loss_cls": 2.0432410565289585, "loss_bbox": 0.6961275393312628, "time": 2.3248006213795054, "epoch": 2, "memory": 1620, "step": 11}
{"lr": 0.00010344911637931034, "data_time": 0.20513056306278005, "loss": 2.7753973287694595, "loss_cls": 2.100707257495207, "loss_bbox": 0.6746901133481193, "time": 1.8093620468588436, "epoch": 3, "memory": 1620, "step": 17}
{"lr": 0.00014224183189655168, "data_time": 0.20326016260230023, "loss": 2.793548044951066, "loss_cls": 2.132990723070891, "loss_bbox": 0.6605573452037313, "time": 1.5316724673561428, "epoch": 4, "memory": 1620, "step": 23}
{"lr": 0.000181034547413793, "data_time": 0.20039332324060902, "loss": 2.8010957158845047, "loss_cls": 2.1511353912024664, "loss_bbox": 0.6499603534566945, "time": 1.3590114774375126, "epoch": 5, "memory": 1620, "step": 29}
{"lr": 0.0001874999999999999, "data_time": 0.19987897872924804, "loss": 2.807851355416434, "loss_cls": 2.1708280869892667, "loss_bbox": 0.6370232931205204, "time": 1.251119327545166, "epoch": 6, "memory": 1620, "step": 35}
{"lr": 0.0001874999999999999, "data_time": 0.19913900189283418, "loss": 2.8175534039008907, "loss_cls": 2.1978045818282337, "loss_bbox": 0.6197488344297176, "time": 1.1655682121835105, "epoch": 7, "memory": 1620, "step": 41}
{"lr": 0.0001874999999999999, "data_time": 0.19610965505559394, "loss": 2.812437209677189, "loss_cls": 2.2054310428335313, "loss_bbox": 0.6070061807936811, "time": 1.0914693588906146, "epoch": 8, "memory": 1620, "step": 47}
{"lr": 0.0001874999999999999, "data_time": 0.18437076091766358, "loss": 2.8031514644622804, "loss_cls": 2.2147603917121885, "loss_bbox": 0.588391090631485, "time": 0.8609804916381836, "epoch": 9, "memory": 1620, "step": 53}
{"lr": 0.0001874999999999999, "data_time": 0.18889590263366698, "loss": 2.7737943649291994, "loss_cls": 2.2106435251235963, "loss_bbox": 0.5631508481502533, "time": 0.7094715213775635, "epoch": 10, "memory": 1620, "step": 59}
{"coco/bbox_mAP": 0.363, "coco/bbox_mAP_50": 0.51, "coco/bbox_mAP_75": 0.415, "coco/bbox_mAP_s": 0.0, "coco/bbox_mAP_m": 0.068, "coco/bbox_mAP_l": 0.505, "data_time": 0.01064922259404109, "time": 0.05393118124741774, "step": 10}
{"lr": 0.0001874999999999999, "data_time": 0.18519148349761963, "loss": 2.696598997116089, "loss_cls": 2.1579299783706665, "loss_bbox": 0.5386690163612365, "time": 0.7129259729385375, "epoch": 11, "memory": 1620, "step": 65}
{"lr": 0.0001874999999999999, "data_time": 0.1835711145401001, "loss": 2.57038583278656, "loss_cls": 2.0547126054763796, "loss_bbox": 0.5156732285022736, "time": 0.6918776416778565, "epoch": 12, "memory": 1620, "step": 71}
{"lr": 0.0001874999999999999, "data_time": 0.18045121669769287, "loss": 2.445247130393982, "loss_cls": 1.9597960758209227, "loss_bbox": 0.48545105040073394, "time": 0.684817795753479, "epoch": 13, "memory": 1620, "step": 77}
{"lr": 0.0001874999999999999, "data_time": 0.1805489206314087, "loss": 2.251464260816574, "loss_cls": 1.796857751607895, "loss_bbox": 0.45460650116205215, "time": 0.6997983884811402, "epoch": 14, "memory": 1620, "step": 83}
{"lr": 0.0001874999999999999, "data_time": 0.17775126934051513, "loss": 2.0906070744991303, "loss_cls": 1.6626341128349305, "loss_bbox": 0.4279729598760605, "time": 0.6793625211715698, "epoch": 15, "memory": 1620, "step": 89}
{"lr": 0.0001874999999999999, "data_time": 0.17619959831237794, "loss": 1.887494957447052, "loss_cls": 1.4874067151546477, "loss_bbox": 0.4000882422924042, "time": 0.7055032014846802, "epoch": 16, "memory": 1620, "step": 95}
{"lr": 0.0001874999999999999, "data_time": 0.17003487586975097, "loss": 1.682247395515442, "loss_cls": 1.3103805351257325, "loss_bbox": 0.3718668584525585, "time": 0.6935716295242309, "epoch": 17, "memory": 1620, "step": 101}
{"lr": 0.0001874999999999999, "data_time": 0.16777210235595702, "loss": 1.4985583460330962, "loss_cls": 1.1476098835468291, "loss_bbox": 0.3509484659135342, "time": 0.6897623729705811, "epoch": 18, "memory": 1620, "step": 107}
{"lr": 0.0001874999999999999, "data_time": 0.16983451843261718, "loss": 1.3168650901317596, "loss_cls": 0.9900995862483978, "loss_bbox": 0.32676550701260565, "time": 0.7027060127258301, "epoch": 19, "memory": 1620, "step": 113}
{"lr": 0.0001874999999999999, "data_time": 0.16964189052581788, "loss": 1.2000154078006744, "loss_cls": 0.8882672989368439, "loss_bbox": 0.31174811139702796, "time": 0.6946679973602294, "epoch": 20, "memory": 1620, "step": 119}
{"coco/bbox_mAP": 0.721, "coco/bbox_mAP_50": 0.844, "coco/bbox_mAP_75": 0.843, "coco/bbox_mAP_s": 0.0, "coco/bbox_mAP_m": 0.422, "coco/bbox_mAP_l": 0.846, "data_time": 0.004370740481785366, "time": 0.07409725870404925, "step": 20}
{"lr": 0.00018701210630623673, "data_time": 0.1781851100921631, "loss": 1.0810379707813262, "loss_cls": 0.7845763885974884, "loss_bbox": 0.29646158531308175, "time": 0.7116855382919312, "epoch": 21, "memory": 1620, "step": 125}
{"lr": 0.00018446526890387004, "data_time": 0.17838494777679442, "loss": 1.0222762870788573, "loss_cls": 0.7283718454837799, "loss_bbox": 0.2939044423401356, "time": 0.7212139415740967, "epoch": 22, "memory": 1620, "step": 131}
{"lr": 0.00017980014232129403, "data_time": 0.18029792308807374, "loss": 0.9385096955299378, "loss_cls": 0.6525665533542633, "loss_bbox": 0.2859431441128254, "time": 0.738048701286316, "epoch": 23, "memory": 1620, "step": 137}
{"lr": 0.00017313159745763925, "data_time": 0.17956817150115967, "loss": 0.9829355072975159, "loss_cls": 0.6938238418102265, "loss_bbox": 0.28911167457699777, "time": 0.7460450077056885, "epoch": 24, "memory": 1620, "step": 143}
{"lr": 0.00016462383601908038, "data_time": 0.17870489597320557, "loss": 0.9564134705066681, "loss_cls": 0.671657742857933, "loss_bbox": 0.2847557374835014, "time": 0.7284956789016723, "epoch": 25, "memory": 1620, "step": 149}
{"lr": 0.0001544863473278761, "data_time": 0.18062098026275636, "loss": 0.9450441408157348, "loss_cls": 0.6649219816923142, "loss_bbox": 0.2801221641898155, "time": 0.7330391311645508, "epoch": 26, "memory": 1620, "step": 155}
{"lr": 0.00014296874999999998, "data_time": 0.18364018440246582, "loss": 0.9217051613330841, "loss_cls": 0.6415242403745651, "loss_bbox": 0.28018092423677443, "time": 0.7425314331054688, "epoch": 27, "memory": 1620, "step": 161}
{"lr": 0.0001303546455063783, "data_time": 0.1810580825805664, "loss": 0.8820169866085052, "loss_cls": 0.6110682183504105, "loss_bbox": 0.27094877034425735, "time": 0.7316843175888061, "epoch": 28, "memory": 1620, "step": 167}
{"lr": 0.00011695463496345667, "data_time": 0.17654141902923584, "loss": 0.899037778377533, "loss_cls": 0.6246404707431793, "loss_bbox": 0.27439730912446975, "time": 0.7480114889144898, "epoch": 29, "memory": 1620, "step": 173}
{"lr": 0.00010309867110288716, "data_time": 0.17002542495727538, "loss": 0.8956007474660873, "loss_cls": 0.6307418632507324, "loss_bbox": 0.2648588879406452, "time": 0.734996657371521, "epoch": 30, "memory": 1620, "step": 179}
{"coco/bbox_mAP": 0.761, "coco/bbox_mAP_50": 0.856, "coco/bbox_mAP_75": 0.845, "coco/bbox_mAP_s": 0.0, "coco/bbox_mAP_m": 0.442, "coco/bbox_mAP_l": 0.899, "data_time": 0.004558971949986049, "time": 0.07813809599195208, "step": 30}
{"lr": 8.912793374022463e-05, "data_time": 0.16838884830474854, "loss": 0.8806469386816025, "loss_cls": 0.6180917659401893, "loss_bbox": 0.2625551761686802, "time": 0.7139884757995606, "epoch": 31, "memory": 1620, "step": 185}
{"lr": 7.538642879555673e-05, "data_time": 0.16864097595214844, "loss": 0.751300305724144, "loss_cls": 0.5023439249396324, "loss_bbox": 0.24895637825131417, "time": 0.6973123550415039, "epoch": 32, "memory": 1620, "step": 191}
{"lr": 6.221251772606156e-05, "data_time": 0.16947740077972412,