{"coco/bbox_mAP": 0.761, "coco/bbox_mAP_50": 0.856, "coco/bbox_mAP_75": 0.845, "coco/bbox_mAP_s": 0.0, "coco/bbox_mAP_m": 0.442, "coco/bbox_mAP_l": 0.899, "data_time": 0.3844612378340501, "time": 0.6938294263986441}