{"aAcc": 90.67, "mIoU": 60.01, "mAcc": 67.12, "data_time": 0.016000140797008167, "time": 1.285089536146684}