{"accuracy/top1": 84.79729461669922, "accuracy/top5": 97.52252197265625, "data_time": 0.009028051580701555, "time": 0.131547817162105}