{"coco/bbox_mAP": 0.818, "coco/bbox_mAP_50": 0.968, "coco/bbox_mAP_75": 0.968, "coco/bbox_mAP_s": -1.0, "coco/bbox_mAP_m": -1.0, "coco/bbox_mAP_l": 0.818, "data_time": 0.09115652604536577, "time": 1.629259304566817}