{"lr": 0.01, "data_time": 0.023114681243896484, "loss": 3.3223365545272827, "time": 0.3612299203872681, "epoch": 1, "memory": 2856, "step": 10}
{"lr": 0.01, "data_time": 0.0012625932693481445, "loss": 2.3410815238952636, "time": 0.07805130481719971, "epoch": 1, "memory": 2856, "step": 20}
{"lr": 0.01, "data_time": 0.0011107206344604492, "loss": 1.635192835330963, "time": 0.07716495990753174, "epoch": 1, "memory": 2856, "step": 30}
{"lr": 0.01, "data_time": 0.0011425018310546875, "loss": 1.1455624759197236, "time": 0.07694737911224366, "epoch": 1, "memory": 2856, "step": 40}
{"lr": 0.01, "data_time": 0.0012286901473999023, "loss": 1.217554259300232, "time": 0.080706787109375, "epoch": 1, "memory": 2856, "step": 50}
{"lr": 0.01, "data_time": 0.0010396242141723633, "loss": 1.4554932117462158, "time": 0.07655539512634277, "epoch": 1, "memory": 2856, "step": 60}
{"lr": 0.01, "data_time": 0.0012436866760253905, "loss": 1.2592459678649903, "time": 0.07743842601776123, "epoch": 1, "memory": 2856, "step": 70}
{"lr": 0.01, "data_time": 0.0011579275131225586, "loss": 1.6202139377593994, "time": 0.0799720287322998, "epoch": 1, "memory": 2856, "step": 80}
{"lr": 0.01, "data_time": 0.0011635065078735352, "loss": 1.5385312199592591, "time": 0.08405237197875977, "epoch": 1, "memory": 2856, "step": 90}
{"lr": 0.01, "data_time": 0.0010573863983154297, "loss": 1.533680784702301, "time": 0.08266067504882812, "epoch": 1, "memory": 2856, "step": 100}
{"accuracy/top1": 65.9909896850586, "accuracy/top5": 93.24324035644531, "data_time": 0.008737512997218541, "time": 0.045710546629769463, "step": 1}
{"lr": 0.01, "data_time": 0.012558841705322265, "loss": 1.0982468605041504, "time": 0.09735937118530273, "epoch": 2, "memory": 2856, "step": 119}
{"lr": 0.01, "data_time": 0.0011405467987060547, "loss": 1.1562575936317443, "time": 0.08667502403259278, "epoch": 2, "memory": 2856, "step": 129}
{"lr": 0.01, "data_time": 0.0013785123825073241, "loss": 1.134750670194626, "time": 0.0853959560394287, "epoch": 2, "memory": 2856, "step": 139}
{"lr": 0.01, "data_time": 0.0012126684188842774, "loss": 1.1610677778720855, "time": 0.08186943531036377, "epoch": 2, "memory": 2856, "step": 149}
{"lr": 0.01, "data_time": 0.0012313365936279298, "loss": 1.030306762456894, "time": 0.08260121345520019, "epoch": 2, "memory": 2856, "step": 159}
{"lr": 0.01, "data_time": 0.0011790990829467773, "loss": 1.0664629340171814, "time": 0.07882962226867676, "epoch": 2, "memory": 2856, "step": 169}
{"lr": 0.01, "data_time": 0.0012245655059814453, "loss": 1.1886525750160217, "time": 0.07776567935943604, "epoch": 2, "memory": 2856, "step": 179}
{"lr": 0.01, "data_time": 0.0011492252349853515, "loss": 1.1207159638404847, "time": 0.07656993865966796, "epoch": 2, "memory": 2856, "step": 189}
{"lr": 0.01, "data_time": 0.0012352705001831056, "loss": 0.9503575146198273, "time": 0.0825312852859497, "epoch": 2, "memory": 2856, "step": 199}
{"lr": 0.01, "data_time": 0.0011755466461181641, "loss": 0.9425916254520417, "time": 0.07767941951751708, "epoch": 2, "memory": 2856, "step": 209}
{"accuracy/top1": 74.21170806884766, "accuracy/top5": 94.48197937011719, "data_time": 0.005050971590239426, "time": 0.040021962132947196, "step": 2}
{"lr": 0.01, "data_time": 0.013238239288330077, "loss": 0.9226518630981445, "time": 0.08943760395050049, "epoch": 3, "memory": 2856, "step": 228}
{"lr": 0.01, "data_time": 0.0011703252792358398, "loss": 0.8220888376235962, "time": 0.08292760848999023, "epoch": 3, "memory": 2856, "step": 238}
{"lr": 0.01, "data_time": 0.0014745712280273438, "loss": 0.9886647433042526, "time": 0.07742011547088623, "epoch": 3, "memory": 2856, "step": 248}
{"lr": 0.01, "data_time": 0.0011568307876586915, "loss": 0.9564184308052063, "time": 0.07703166007995606, "epoch": 3, "memory": 2856, "step": 258}
{"lr": 0.01, "data_time": 0.0012955427169799804, "loss": 0.9066059648990631, "time": 0.07829704284667968, "epoch": 3, "memory": 2856, "step": 268}
{"lr": 0.01, "data_time": 0.0011913299560546875, "loss": 0.7376328945159912, "time": 0.08242475986480713, "epoch": 3, "memory": 2856, "step": 278}
{"lr": 0.01, "data_time": 0.0011672735214233398, "loss": 1.0064083695411683, "time": 0.0777442216873169, "epoch": 3, "memory": 2856, "step": 288}
{"lr": 0.01, "data_time": 0.0012024879455566407, "loss": 1.0478371143341065, "time": 0.07732772827148438, "epoch": 3, "memory": 2856, "step": 298}
{"lr": 0.01, "data_time": 0.0012254953384399415, "loss": 0.7861001908779144, "time": 0.08045413494110107, "epoch": 3, "memory": 2856, "step": 308}
{"lr": 0.01, "data_time": 0.0010713100433349609, "loss": 0.814266437292099, "time": 0.07772963047027588, "epoch": 3, "memory": 2856, "step": 318}
{"accuracy/top1": 78.4909896850586, "accuracy/top5": 95.9459457397461, "data_time": 0.004324814368938577, "time": 0.03604117755232186, "step": 3}
{"lr": 0.01, "data_time": 0.013553571701049805, "loss": 0.7885494589805603, "time": 0.09214572906494141, "epoch": 4, "memory": 2856, "step": 337}
{"lr": 0.01, "data_time": 0.0012398719787597655, "loss": 0.7518423616886138, "time": 0.0787764310836792, "epoch": 4, "memory": 2856, "step": 347}
{"lr": 0.01, "data_time": 0.0012206077575683595, "loss": 0.5082083165645599, "time": 0.0776564359664917, "epoch": 4, "memory": 2856, "step": 357}
{"lr": 0.01, "data_time": 0.00113370418548584, "loss": 0.7659899353981018, "time": 0.07664880752563477, "epoch": 4, "memory": 2856, "step": 367}
{"lr": 0.01, "data_time": 0.001377248764038086, "loss": 0.7222589731216431, "time": 0.07774176597595214, "epoch": 4, "memory": 2856, "step": 377}
{"lr": 0.01, "data_time": 0.0011691808700561523, "loss": 0.7286363780498505, "time": 0.07747702598571778, "epoch": 4, "memory": 2856, "step": 387}
{"lr": 0.01, "data_time": 0.0011610746383666991, "loss": 0.7732411026954651, "time": 0.0779386281967163, "epoch": 4, "memory": 2856, "step": 397}
{"lr": 0.01, "data_time": 0.0011960983276367188, "loss": 0.9220123410224914, "time": 0.07785584926605224, "epoch": 4, "memory": 2856, "step": 407}
{"lr": 0.01, "data_time": 0.001268315315246582, "loss": 0.7650092303752899, "time": 0.08032059669494629, "epoch": 4, "memory": 2856, "step": 417}
{"lr": 0.01, "data_time": 0.001119089126586914, "loss": 0.9000033915042878, "time": 0.08082928657531738, "epoch": 4, "memory": 2856, "step": 427}
{"accuracy/top1": 80.96846771240234, "accuracy/top5": 96.73423767089844, "data_time": 0.005237776657630657, "time": 0.03775552223468649, "step": 4}
{"lr": 0.01, "data_time": 0.012436842918395996, "loss": 0.6169144660234451, "time": 0.09198610782623291, "epoch": 5, "memory": 2856, "step": 446}
{"lr": 0.01, "data_time": 0.0012027978897094726, "loss": 0.6442876845598221, "time": 0.07811062335968018, "epoch": 5, "memory": 2856, "step": 456}
{"lr": 0.01, "data_time": 0.0012364149093627929, "loss": 0.7638507068157196, "time": 0.078033185005188, "epoch": 5, "memory": 2856, "step": 466}
{"lr": 0.01, "data_time": 0.0011722087860107423, "loss": 0.6909952491521836, "time": 0.08193461894989014, "epoch": 5, "memory": 2856, "step": 476}
{"lr": 0.01, "data_time": 0.0012327671051025391, "loss": 0.8190850049257279, "time": 0.08540456295013428, "epoch": 5, "memory": 2856, "step": 486}
{"lr": 0.01, "data_time": 0.0011748790740966797, "loss": 0.6345692157745362, "time": 0.07919354438781738, "epoch": 5, "memory": 2856, "step": 496}
{"lr": 0.01, "data_time": 0.0012523174285888673, "loss": 0.750573742389679, "time": 0.07792353630065918, "epoch": 5, "memory": 2856, "step": 506}
{"lr": 0.01, "data_time": 0.0011946678161621094, "loss": 0.6076694667339325, "time": 0.07747697830200195, "epoch": 5, "memory": 2856, "step": 516}
{"lr": 0.01, "data_time": 0.00117037296295166, "loss": 0.6653883621096611, "time": 0.07784790992736816, "epoch": 5, "memory": 2856, "step": 526}
{"lr": 0.01, "data_time": 0.0012897968292236329, "loss": 0.6462257474660873, "time": 0.07858266830444335, "epoch": 5, "memory": 2856, "step": 536}
{"accuracy/top1": 82.09459686279297, "accuracy/top5": 96.62162017822266,