{"lr": 0.009998886215193948, "data_time": 0.011031071345011393, "loss": 0.14710964759190878, "decode.loss_ce": 0.1041128970682621, "decode.acc_seg": 33.740234375, "aux.loss_ce": 0.042996750523646675, "aux.acc_seg": 32.623291015625, "time": 4.22844139734904, "memory": 19514, "step": 6}
{"lr": 0.00997794446709763, "data_time": 0.008711457252502441, "loss": 0.07264687865972519, "decode.loss_ce": 0.04986434392631054, "decode.acc_seg": 80.2642822265625, "aux.loss_ce": 0.022782533895224333, "aux.acc_seg": 83.2733154296875, "time": 0.13659772872924805, "memory": 3342, "step": 100}
{"lr": 0.009955660594668054, "data_time": 0.010721993446350098, "loss": 0.07148063369095325, "decode.loss_ce": 0.04882627278566361, "decode.acc_seg": 79.0985107421875, "aux.loss_ce": 0.022654360998421906, "aux.acc_seg": 69.085693359375, "time": 0.13965075016021727, "memory": 3342, "step": 200}
{"lr": 0.009933371122565919, "data_time": 0.008611440658569336, "loss": 0.05746149942278862, "decode.loss_ce": 0.04006813950836659, "decode.acc_seg": 79.04052734375, "aux.loss_ce": 0.017393359541893007, "aux.acc_seg": 79.26025390625, "time": 0.13858392238616943, "memory": 3342, "step": 300}
{"lr": 0.009911076035273796, "data_time": 0.008667922019958496, "loss": 0.06680317148566246, "decode.loss_ce": 0.04723147563636303, "decode.acc_seg": 82.525634765625, "aux.loss_ce": 0.019571695756167174, "aux.acc_seg": 81.640625, "time": 0.13997113704681396, "memory": 3342, "step": 400}
{"aAcc": 64.87, "mIoU": 20.98, "mAcc": 27.66, "data_time": 0.038117842240767044, "time": 1.0147415507923474, "step": 400}
{"lr": 0.0098887753171919, "data_time": 0.00929586887359619, "loss": 0.050884964689612386, "decode.loss_ce": 0.03548797760158777, "decode.acc_seg": 81.256103515625, "aux.loss_ce": 0.015396986901760102, "aux.acc_seg": 80.438232421875, "time": 0.13839187622070312, "memory": 10063, "step": 500}
{"lr": 0.009866468952637547, "data_time": 0.009937524795532227, "loss": 0.05271785873919725, "decode.loss_ce": 0.03747203703969717, "decode.acc_seg": 78.9764404296875, "aux.loss_ce": 0.015245821233838797, "aux.acc_seg": 81.6375732421875, "time": 0.13992912769317628, "memory": 3347, "step": 600}
{"lr": 0.009844156925844432, "data_time": 0.009191513061523438, "loss": 0.045052959211170675, "decode.loss_ce": 0.03197510037571192, "decode.acc_seg": 89.996337890625, "aux.loss_ce": 0.013077858369797468, "aux.acc_seg": 88.897705078125, "time": 0.13870339393615722, "memory": 3347, "step": 700}
{"lr": 0.009821839220962003, "data_time": 0.009141039848327637, "loss": 0.04170419685542583, "decode.loss_ce": 0.02877766713500023, "decode.acc_seg": 82.3516845703125, "aux.loss_ce": 0.012926529860123992, "aux.acc_seg": 77.57568359375, "time": 0.13892774581909179, "memory": 3347, "step": 800}
{"aAcc": 85.0, "mIoU": 49.25, "mAcc": 55.32, "data_time": 0.005057970682779948, "time": 0.08995099862416585, "step": 800}
{"lr": 0.009799515822054777, "data_time": 0.009774374961853027, "loss": 0.04175507500767708, "decode.loss_ce": 0.029076092690229417, "decode.acc_seg": 85.5255126953125, "aux.loss_ce": 0.01267898129299283, "aux.acc_seg": 84.5916748046875, "time": 0.13929388523101807, "memory": 3347, "step": 900}
{"lr": 0.00977718671310168, "data_time": 0.009880495071411134, "loss": 0.044084034860134125, "decode.loss_ce": 0.03067678287625313, "decode.acc_seg": 79.2633056640625, "aux.loss_ce": 0.013407251797616482, "aux.acc_seg": 77.9327392578125, "time": 0.13973491191864013, "memory": 3347, "step": 1000}
{"lr": 0.009754851877995354, "data_time": 0.01066279411315918, "loss": 0.03520595636218786, "decode.loss_ce": 0.02417573193088174, "decode.acc_seg": 95.2301025390625, "aux.loss_ce": 0.011030224105343222, "aux.acc_seg": 92.41943359375, "time": 0.14149789810180663, "memory": 3347, "step": 1100}
{"lr": 0.009732511300541468, "data_time": 0.008067107200622559, "loss": 0.04324899464845657, "decode.loss_ce": 0.029868513531982898, "decode.acc_seg": 77.294921875, "aux.loss_ce": 0.013380481116473674, "aux.acc_seg": 77.0263671875, "time": 0.13796358108520507, "memory": 3347, "step": 1200}
{"aAcc": 85.53, "mIoU": 48.97, "mAcc": 54.2, "data_time": 0.005340933799743652, "time": 0.09392315149307251, "step": 1200}
{"lr": 0.009710164964458045, "data_time": 0.009759068489074707, "loss": 0.038159186765551564, "decode.loss_ce": 0.026901749055832626, "decode.acc_seg": 73.455810546875, "aux.loss_ce": 0.011257437663152814, "aux.acc_seg": 74.2584228515625, "time": 0.14032220840454102, "memory": 3347, "step": 1300}
{"lr": 0.009687812853374727, "data_time": 0.00993506908416748, "loss": 0.04213474169373512, "decode.loss_ce": 0.029403194040060043, "decode.acc_seg": 72.0855712890625, "aux.loss_ce": 0.012731547746807338, "aux.acc_seg": 69.4366455078125, "time": 0.14028499126434327, "memory": 3347, "step": 1400}
{"lr": 0.009665454950832103, "data_time": 0.009185314178466797, "loss": 0.05165400020778179, "decode.loss_ce": 0.03646279107779264, "decode.acc_seg": 69.287109375, "aux.loss_ce": 0.015191208804026246, "aux.acc_seg": 70.5963134765625, "time": 0.13896026611328124, "memory": 3347, "step": 1500}
{"lr": 0.009643091240280942, "data_time": 0.009849262237548829, "loss": 0.040985799953341485, "decode.loss_ce": 0.02832812359556556, "decode.acc_seg": 87.1307373046875, "aux.loss_ce": 0.012657676916569471, "aux.acc_seg": 87.21923828125, "time": 0.13996877670288085, "memory": 3347, "step": 1600}
{"aAcc": 84.73, "mIoU": 45.5, "mAcc": 52.43, "data_time": 0.00485159953435262, "time": 0.08955881992975871, "step": 1600}
{"lr": 0.009620721705081534, "data_time": 0.00877988338470459, "loss": 0.0434182645753026, "decode.loss_ce": 0.030821702629327773, "decode.acc_seg": 76.0772705078125, "aux.loss_ce": 0.012596562271937728, "aux.acc_seg": 77.2003173828125, "time": 0.13873636722564697, "memory": 3347, "step": 1700}
{"lr": 0.009598346328502901, "data_time": 0.010672259330749511, "loss": 0.03723770305514336, "decode.loss_ce": 0.02609536498785019, "decode.acc_seg": 85.7513427734375, "aux.loss_ce": 0.011142337881028651, "aux.acc_seg": 81.732177734375, "time": 0.14123213291168213, "memory": 3347, "step": 1800}
{"lr": 0.009575965093722064, "data_time": 0.008862805366516114, "loss": 0.03788709379732609, "decode.loss_ce": 0.0274847530759871, "decode.acc_seg": 84.552001953125, "aux.loss_ce": 0.010402340162545442, "aux.acc_seg": 84.130859375, "time": 0.1389449119567871, "memory": 3347, "step": 1900}
{"lr": 0.009553577983823325, "data_time": 0.009470248222351074, "loss": 0.03541907109320164, "decode.loss_ce": 0.024959446769207715, "decode.acc_seg": 87.6312255859375, "aux.loss_ce": 0.010459624789655208, "aux.acc_seg": 84.0545654296875, "time": 0.14026155471801757, "memory": 3347, "step": 2000}
{"aAcc": 86.68, "mIoU": 52.57, "mAcc": 58.29, "data_time": 0.004844049612681071, "time": 0.08946303526560466, "step": 2000}
{"lr": 0.0095311849817975, "data_time": 0.010246348381042481, "loss": 0.03802870903164148, "decode.loss_ce": 0.026067517325282098, "decode.acc_seg": 82.6171875, "aux.loss_ce": 0.011961191566661, "aux.acc_seg": 81.8450927734375, "time": 0.14118123054504395, "memory": 3347, "step": 2100}
{"lr": 0.009508786070541123, "data_time": 0.009313726425170898, "loss": 0.040030046924948694, "decode.loss_ce": 0.02799667315557599, "decode.acc_seg": 94.04296875, "aux.loss_ce": 0.012033372931182385, "aux.acc_seg": 94.317626953125, "time": 0.14007608890533446, "memory": 3347, "step": 2200}
{"lr": 0.009486381232855704, "data_time": 0.010089659690856933, "loss": 0.03904427196830511, "decode.loss_ce": 0.02776293596252799, "decode.acc_seg": 78.3477783203125, "aux.loss_ce": 0.011281336471438409, "aux.acc_seg": 80.2581787109375, "time": 0.14065377712249755, "memory": 3347, "step": 2300}
{"lr": 0.009463970451446941, "data_time": 0.010207748413085938, "loss": 0.033125126361846925, "decode.loss_ce": 0.0234561868943274, "decode.acc_seg": 93.9056396484375, "aux.loss_ce": 0.009668939374387264, "aux.acc_seg": 93.3319091796875, "time": 0.14171175956726073, "memory": 3347, "step": 2400}
{"aAcc": 89.1, "mIoU": 54.44,