{"coco/AP": 0.7328208965529359, "coco/AP .5": 1.0, "coco/AP .75": 0.9413185220961122, "coco/AP (M)": -1.0, "coco/AP (L)": 0.7328208965529359, "coco/AR": 0.7833333333333333, "coco/AR .5": 1.0, "coco/AR .75": 0.9523809523809523, "coco/AR (M)": -1.0, "coco/AR (L)": 0.7833333333333333, "PCK": 0.9727891156462585, "AUC": 0.13758503401360545, "NME": 0.03989980442453674, "data_time": 0.47427340348561603, "time": 10.138693888982138}