{"accuracy/top1": 86.14865112304688, "accuracy/top5": 98.08558654785156, "data_time": 0.008830675057002477, "time": 0.12055471113749913}